1,#main-content
2,/
3,/
4,/news
5,/sport
6,/business
7,/innovation
8,/culture
9,/travel
10,/future-planet
11,/video
12,/live
13,/news/topics/c2vdnvdg6xxt
14,/news/war-in-ukraine
15,/news/topics/cj3ergr8209t
16,/news/us-canada
17,/news/uk
18,/news/world/africa
19,/news/world/asia
20,/news/world/australia
21,/news/world/europe
22,/news/world/latin_america
23,/news/world/middle_east
24,/news/in_pictures
25,/news/reality_check
26,/home
27,/news
28,/news/topics/c2vdnvdg6xxt
29,/news/war-in-ukraine
30,/news/topics/cj3ergr8209t
31,/news/us-canada
32,/news/uk
33,/news/politics
34,/news/england
35,/news/northern_ireland
36,/news/northern_ireland/northern_ireland_politics
37,/news/scotland
38,/news/scotland/scotland_politics
39,/news/wales
40,/news/wales/wales_politics
41,/news/world/africa
42,/news/world/asia
43,/news/world/asia/china
44,/news/world/asia/india
45,/news/world/australia
46,/news/world/europe
47,/news/world/latin_america
48,/news/world/middle_east
49,/news/in_pictures
50,/news/reality_check
51,/sport
52,/business
53,/business/executive-lounge
54,/business/technology-of-business
55,/business/women-at-the-helm
56,/business/future-of-business
57,/innovation
58,/innovation/technology
59,/innovation/science
60,/innovation/artificial-intelligence
61,/innovation/ai-v-the-mind
62,/culture
63,/culture/film-tv
64,/culture/music
65,/culture/art
66,/culture/style
67,/culture/books
68,/culture/entertainment-news
69,/travel
70,/travel/destinations
71,/travel/destinations/africa
72,/travel/destinations/antarctica
73,/travel/destinations/asia
74,/travel/destinations/australia-and-pacific
75,/travel/destinations/caribbean
76,/travel/destinations/central-america
77,/travel/destinations/europe
78,/travel/destinations/middle-east
79,/travel/destinations/north-america
80,/travel/destinations/south-america
81,/travel/worlds-table
82,/travel/cultural-experiences
83,/travel/adventures
84,/travel/specialist
85,/future-planet
86,/future-planet/natural-wonders
87,/future-planet/weather-science
88,/future-planet/solutions
89,/future-planet/sustainable-business
90,/future-planet/green-living
91,/video
92,/live
93,/live/news
94,/live/sport
95,/
96,/sport
97,/video
98,https://www.bbc.co.uk/sounds
99,https://www.bbc.com/weather
100,https://www.bbc.com/newsletters
101,/news/articles/cq6rzvyz9p6o
102,/news/articles/cjw398njqj4o
103,/news/articles/crlr2z23ykno
104,/news/articles/c9wjk00dj5ro
105,/news/articles/cqxjzp4027go
106,/news/articles/cjw398njqj4o
107,/news/articles/c2l1py9g4r8o
108,/news/articles/cp8ny80e6lyo
109,/news/articles/cp8ne8r1yy0o
110,/news/articles/crlr2z23ykno
111,/news/articles/cy8xvepqvn6o
112,/news/articles/c6280kxvxpro
113,/news/articles/cgl7ld1glk3o
114,/news/articles/cm23zye08j4o
115,/news/articles/cwy47w9yndpo
116,/news/articles/crmwx99lgpgo
117,/news/articles/cged20l3nq8o
118,/news/articles/cx2gpgppg57o
119,/news/articles/c0l8kj1p0ylo
120,/sport/articles/crlr5e9378xo
121,/news/articles/cged20l3nq8o
122,/news/world-middle-east-67307858
123,/news/articles/crgklk3p70yo
124,/news/articles/cx2gpgppg57o
125,/news/videos/cy4lp1977x3o
126,/news/videos/cvg3k02wlemo
127,/news/videos/c624qv48l33o
128,/news/videos/cq6r51yemz8o
129,/news/videos/c80eydp390zo
130,/sport/articles/c5yl5pejvkjo
131,/sport/athletics/articles/c89w1zeg1kko
132,/news/articles/clywj08d89no
133,/news/articles/cj35lk4x86yo
134,/news/articles/cnvyre936zvo
135,/sport/athletics/articles/c89w1zeg1kko
136,/news/articles/c2dgexyxneko
137,/sport/baseball/articles/clyn9e18m4zo
138,/news/articles/clywj08d89no
139,/news/articles/cp8ny80e6lyo
140,/news/articles/cq6rzvyz9p6o
141,/news/articles/cqxjzp4027go
142,/news/articles/cnvyre936zvo
143,/news/articles/cwy47w9yndpo
144,/news/articles/cm23zye08j4o
145,/news/articles/crlr2z23ykno
146,/news/articles/cp8ne8r1yy0o
147,/news/articles/c0l8kj1p0ylo
148,/news/articles/c2l1py9g4r8o
149,/sport/football/articles/c703j22z4z8o
150,/sport/formula1/articles/cwyjpy8jnpyo
151,/sport/golf/articles/c74jxjgy2w4o
152,/sport/football/articles/crmwxyz4p1xo
153,/sport/golf/articles/cje2kj2g3g8o
154,/sport/formula1/articles/cwyjpy8jnpyo
155,https://www.bbc.com/sport/football/live/c0qelyykz3qt
156,/sport/athletics/articles/c89w1zeg1kko
157,/sport/golf/articles/c74jxjgy2w4o
158,/
159,https://www.bbc.com/
160,/news
161,/sport
162,/business
163,/innovation
164,/culture
165,/travel
166,/future-planet
167,/video
168,/live
169,https://www.bbc.co.uk/sounds
170,https://www.bbc.com/weather
171,https://shop.bbc.com/
172,https://www.bbc.co.uk/usingthebbc/terms
173,https://www.bbc.co.uk/aboutthebbc
174,https://www.bbc.com/usingthebbc/privacy/
175,https://www.bbc.com/usingthebbc/cookies/
176,https://www.bbc.co.uk/accessibility/
177,https://www.bbc.co.uk/contact
178,https://www.bbc.com/advertisingcontact
179,https://www.bbc.com/usingthebbc/cookies/how-can-i-change-my-bbc-cookie-settings/
180,https://www.bbc.com/contact-bbc-com-help
181,https://www.bbc.co.uk/editorialguidelines/guidance/feeds-and-links
